,node_type1,node_type2
SIAH2,plain,plain
YARS,dnb,plain
RALA,plain,plain
ABR,plain,TP-DEG
RPL15,dnb,TP-DG
HERC6,plain,plain
ARPC1B,plain,TP-DNG
BCKDHB,plain,plain
KITLG,in-marker,TP-DEG
HLA-G,plain,plain
KDM4A,plain,plain
MITF,out-marker,plain
NUP37,plain,TP-DNG
LSM2,plain,TP-DNG
RAB8A,plain,TP-DEG
CHD8,plain,plain
FZR1,plain,plain
CALM2,plain,plain
UBE2J2,plain,plain
RARS,plain,plain
EIF2AK2,plain,plain
MAN1B1,plain,plain
MC1R,in-marker,TP-DEG
PFDN2,dnb,plain
KIFC1,plain,TP-DEG
PLK1,mDNB1,TP-DG
SEC24D,mDNB1,TP-DNG
CDH13,plain,plain
RSRC1,plain,plain
RPL37A,dnb,plain
EDN3,plain,plain
IFT81,plain,TP-DEG
KAT2A,plain,plain
LIG3,plain,plain
AP1M1,plain,plain
WBP11,mDNB2,TP-DNG
ELOC,plain,plain
ETS1,plain,plain
B9D2,plain,TP-DEG
GCFC2,mDNB2,TP-DNG
DOCK1,plain,plain
TMED9,dnb,TP-DNG
NOC3L,plain,TP-DEG
SPARC,plain,plain
TRIM26,plain,plain
ARTN,plain,plain
PSMD3,plain,plain
FBXL14,dnb,TP-DNG
MARK3,dnb,TP-DNG
LRR1,plain,TP-DG
ERCC6,plain,plain
USP14,plain,plain
TYMP,plain,plain
SGK2,plain,TP-DEG
GDI2,plain,plain
SNX5,plain,plain
PPP1CC,mDNB1,TP-DNG
ORC2,plain,TP-DEG
ARPC2,plain,TP-DNG
TYMS,plain,TP-DG
PRKAR1B,plain,plain
CD81,plain,plain
STMN1,plain,TP-DEG
TULP3,plain,plain
RNF168,plain,plain
NFATC2,plain,plain
PLD3,plain,plain
SDC1,plain,TP-DEG
PARP1,plain,plain
HNRNPU,plain,TP-DNG
ZW10,mDNB2,TP-DNG
PLPP2,plain,plain
AHCTF1,plain,plain
MYBL2,plain,plain
DIAPH2,plain,TP-DEG
SORBS3,plain,plain
CETN2,mDNB2,TP-DNG
ITGAV,plain,plain
CDC16,mDNB2,TP-DNG
DSG3,out-marker,plain
SSNA1,plain,plain
SNAP29,dnb,plain
SPCS1,dnb,plain
HBP1,plain,TP-DEG
PABPN1,plain,plain
MPHOSPH10,plain,plain
UBL7,plain,plain
CREBBP,plain,TP-DEG
GDNF,plain,plain
SARNP,dnb,TP-DNG
EPN1,mDNB2,TP-DNG
BAZ1A,plain,plain
RAB13,plain,TP-DEG
CENPW,plain,plain
AGPAT2,plain,plain
ARPC1A,mDNB2,TP-DNG
NSD2,plain,plain
MAPK3,mDNB1,TP-DNG
INSIG1,plain,TP-DEG
ELOA,plain,plain
ITPK1,plain,plain
DCK,plain,plain
PLIN2,plain,plain
NDUFAF6,plain,plain
PRKAR1A,mDNB2,TP-DNG
CTSL,plain,plain
TIMM13,plain,plain
SEC13,dnb,plain
RPS27L,plain,TP-DNG
WDR35,plain,plain
HELZ2,plain,plain
GRWD1,plain,TP-DNG
PDSS1,plain,plain
SYS1,plain,plain
PDCD11,plain,TP-DNG
LRRC41,plain,plain
H1F0,plain,plain
ELP4,plain,plain
CEP41,plain,plain
RPL24,plain,TP-DNG
MRPL35,dnb,TP-DNG
CALR,plain,TP-DNG
TOP2B,plain,plain
VAMP8,mDNB2,plain
ARNT,in-marker,plain
EFL1,dnb,TP-DNG
PLGLB1,plain,plain
TRIP6,plain,plain
STK26,plain,plain
FDPS,plain,plain
KLHL9,plain,TP-DG
IDH3G,plain,plain
C12orf10,plain,plain
MGLL,plain,plain
DKK1,out-marker,plain
HGS,plain,plain
NPHP1,plain,plain
KIT,out-marker,plain
MRPS9,plain,TP-DG
SIRT1,in-marker,plain
RPS4X,dnb,TP-DNG
RANBP9,plain,plain
MMP2,out-marker,plain
TM7SF2,plain,plain
LDLRAP1,plain,plain
LSM3,plain,TP-DNG
RANBP2,plain,plain
AXIN1,plain,plain
GPR161,plain,plain
SERPINH1,in-marker,plain
ITGA4,mDNB2,plain
WBP4,plain,TP-DNG
RPL36AL,plain,plain
MORF4L2,plain,plain
FAAP100,plain,plain
YWHAQ,plain,TP-DG
HERC3,plain,plain
DUSP1,plain,TP-DNG
MNAT1,plain,plain
AGPAT1,plain,plain
CCL21,plain,plain
GEMIN4,plain,plain
IL1B,in-marker,plain
CALM1,plain,plain
LEF1,out-marker,plain
LMAN2,dnb,TP-DNG
SYVN1,plain,plain
PDE10A,plain,plain
PSME2,plain,TP-DEG
LAMB1,plain,plain
PACSIN3,mDNB1,TP-DNG
ADRB2,plain,plain
ID1,plain,plain
EIF3H,dnb,TP-DNG
DDX5,plain,plain
SELENOP,plain,plain
PRPS2,dnb,plain
OAS1,plain,TP-DEG
AP3B1,plain,plain
AK3,plain,TP-DNG
NUSAP1,plain,TP-DEG
CSPG4,plain,plain
MAPK11,mDNB2,TP-DNG
MRPL23,dnb,TP-DNG
CSTF2,mDNB2,TP-DEG
CHST2,plain,plain
MYL6,plain,plain
BAP1,plain,plain
SURF6,plain,plain
MYD88,in-marker,plain
NPM1,plain,TP-DEG
CKAP5,plain,plain
MRPL58,plain,TP-DNG
UBA1,mDNB2,TP-DNG
BMP4,out-marker,plain
HYI,plain,plain
GTF3A,mDNB2,plain
RPS3,dnb,TP-DNG
BCAS2,plain,TP-DNG
ECM1,plain,TP-DEG
AGPAT4,plain,plain
HSPA13,plain,plain
SGPL1,plain,plain
SIKE1,plain,plain
RPL8,dnb,TP-DNG
AP1S2,dnb,TP-DNG
BUB1B,mDNB2,TP-DNG
TRAPPC4,plain,plain
PHF5A,plain,plain
CASP3,mDNB1,TP-DNG
TRIM28,plain,plain
RBM19,plain,TP-DNG
UCHL5,plain,plain
NAT10,plain,TP-DNG
PCCA,plain,plain
DPH2,plain,plain
RPL26,plain,plain
CPSF3,mDNB2,TP-DNG
SMPD3,plain,plain
NR3C1,plain,plain
ITGA2,plain,TP-DNG
MINPP1,plain,plain
TOMM40,dnb,plain
CAV1,plain,TP-DEG
AP2S1,plain,plain
F2RL1,in-marker,plain
FOXO4,plain,plain
CEP131,plain,plain
SUZ12,plain,plain
SLC25A13,plain,plain
RRP9,dnb,TP-DNG
TNFRSF1A,plain,plain
CAPZB,plain,plain
RPS27A,mDNB2,TP-DNG
SPP1,out-marker,plain
IL4R,in-marker,plain
CDK6,plain,plain
HMMR,plain,plain
RNF220,plain,plain
QTRT1,plain,plain
BYSL,plain,TP-DNG
CCT7,plain,TP-DNG
TTF1,mDNB2,plain
SMPD1,dnb-marker,plain
MSN,plain,plain
AP1S1,dnb,TP-DNG
GMPS,plain,TP-DNG
TIPIN,plain,plain
ARL1,plain,plain
RAC1,mDNB2,TP-DNG
KIF20A,plain,TP-DEG
ASB6,plain,plain
DDX23,plain,TP-DEG
TEX10,plain,TP-DG
CYP2J2,mDNB1,plain
RAE1,plain,plain
WDR74,plain,plain
SF3A2,mDNB2,TP-DNG
UPRT,plain,plain
YWHAZ,plain,plain
THOC6,plain,plain
DBNL,plain,plain
MRPL28,dnb,TP-DNG
UGCG,plain,plain
GNL3L,plain,TP-DNG
SRSF1,mDNB2,TP-DNG
TADA3,dnb,TP-DNG
RMND5A,plain,plain
DNAJC10,plain,plain
IL4,out-marker,plain
CRNKL1,plain,plain
BAIAP2,plain,plain
RPS17,dnb,TP-DNG
TGFBR1,plain,plain
EIF5B,plain,TP-DNG
DGAT2,plain,plain
ITGA1,plain,plain
YBX1,mDNB2,TP-DNG
CD44,in-marker,TP-DEG
RNF123,dnb,TP-DNG
HSD11B1,plain,plain
RAF1,plain,plain
HEATR1,plain,TP-DNG
ARG2,plain,plain
TUBB4A,dnb,TP-DNG
CUL2,plain,plain
TRIM4,plain,plain
SLC9A1,plain,plain
MLST8,plain,plain
ACO2,plain,plain
ALDH9A1,plain,plain
EME1,plain,TP-DEG
CTNNBIP1,plain,plain
RPF2,plain,plain
TUBB3,plain,plain
U2AF2,plain,TP-DNG
NDUFA3,plain,plain
PPAT,plain,plain
MRPS6,plain,plain
OSMR,plain,plain
HDAC5,plain,plain
INO80E,plain,plain
BTBD6,plain,plain
COPZ1,plain,TP-DEG
NDUFS2,plain,plain
CTSB,plain,plain
ANXA6,plain,TP-DEG
FBXO41,plain,plain
PPP6R1,plain,plain
NFYA,plain,plain
PCNA,dnb-marker,TP-DNG
AKT1,plain,TP-DNG
RPL35A,dnb,TP-DG
ITGB1,dnb-marker,TP-DNG
HDAC4,plain,plain
GRB7,plain,plain
RNF103,plain,TP-DEG
POLR3C,plain,plain
MTF2,plain,plain
TBCB,plain,plain
LSM7,plain,TP-DNG
NOL10,plain,plain
FEN1,plain,plain
SF3A3,mDNB2,TP-DNG
AURKB,plain,TP-DG
KDM1A,dnb,TP-DNG
TUFM,dnb,TP-DNG
KNL1,mDNB2,TP-DG
KLHL42,plain,TP-DNG
BIRC5,in-marker,TP-DNG
B2M,mDNB2,plain
INSIG2,plain,TP-DEG
GFM1,dnb,plain
PCLAF,plain,plain
MRPS5,dnb,TP-DG
RPL9,dnb,TP-DNG
BUD23,plain,plain
ITSN2,plain,plain
ESR1,mDNB1,TP-DNG
SUDS3,plain,plain
RBMX,mDNB2,TP-DNG
DSE,plain,plain
BABAM1,mDNB2,TP-DNG
LRFN4,plain,plain
P2RY4,plain,plain
BAK1,plain,plain
RPL29,dnb,TP-DNG
CCR8,plain,TP-DEG
SUPT5H,plain,plain
UTP15,plain,plain
RPGRIP1L,plain,plain
CBX3,plain,plain
RUVBL1,mDNB2,TP-DNG
MRPS16,dnb,plain
EIF3L,plain,plain
ADAMTS7,plain,plain
SRP9,plain,plain
TPMT,plain,plain
MPG,plain,plain
DAPK1,plain,plain
GCNT1,plain,plain
WDR5,mDNB2,TP-DNG
FARSB,plain,TP-DEG
SOD1,in-marker,plain
CAPN12,plain,TP-DEG
B4GALNT1,plain,plain
MRPL20,plain,plain
HIST2H2AC,plain,plain
KDELR1,dnb,TP-DNG
LMAN1,plain,plain
CBL,plain,plain
FBXO32,plain,plain
RPLP0,dnb,TP-DNG
ACER3,plain,plain
NSMCE1,plain,plain
MET,plain,TP-DNG
DEK,plain,plain
CASP6,plain,plain
ELP3,plain,plain
COL18A1,mDNB1,plain
WNT3,plain,TP-DEG
SYNJ2,mDNB2,TP-DNG
MAP3K7,dnb-marker,plain
DVL1,plain,TP-DNG
HECW2,plain,TP-DG
SSR4,plain,plain
PSMD2,plain,plain
RFC3,plain,TP-DG
IGF2R,plain,TP-DNG
DAXX,plain,plain
SFN,dnb-marker,TP-DNG
DEGS2,mDNB1,plain
EGR2,plain,plain
GAPVD1,plain,plain
NAGS,plain,plain
BLNK,plain,plain
ATF2,plain,plain
MAPK1,plain,plain
GSTP1,plain,TP-DNG
DYSF,plain,plain
RBM22,plain,plain
RTN3,plain,plain
CDC42,plain,plain
DDX56,dnb,TP-DNG
IL22RA1,plain,plain
BMP2,out-marker,plain
MARK4,plain,plain
AGL,plain,plain
ITGB4,in-marker,TP-DEG
FCHO1,dnb,TP-DG
TP53,mDNB1,TP-DEG
CDKN1A,mDNB2,plain
SURF4,dnb,TP-DNG
KREMEN2,plain,TP-DEG
CAPNS2,plain,plain
DDB2,plain,plain
NIFK,plain,TP-DNG
HIST2H2BE,plain,plain
MGST3,plain,plain
NDUFS5,plain,plain
SERPINB5,plain,plain
SAR1B,dnb,TP-DNG
DNAJB2,dnb,plain
ANKRD28,plain,plain
KRT16,in-marker,plain
NUMB,plain,plain
SLC33A1,plain,plain
SYK,plain,plain
HSF1,plain,plain
BTBD1,plain,TP-DNG
ANAPC4,plain,plain
PFN1,plain,plain
DNAJB11,plain,plain
YWHAH,plain,plain
PPP1CA,plain,plain
HACD1,plain,plain
VIPR1,plain,TP-DEG
SUV39H1,plain,plain
LDB1,plain,plain
HLA-DPB1,mDNB2,TP-DNG
PLEC,plain,TP-DNG
TRAIP,plain,plain
ADH7,plain,TP-DNG
TNNC1,plain,plain
KLHL25,plain,TP-DNG
KIF14,plain,TP-DEG
HPRT1,plain,plain
WDR18,plain,TP-DNG
CWC22,plain,plain
BAX,plain,plain
TRIB3,plain,TP-DEG
EIF4A1,mDNB2,TP-DNG
MCM8,plain,plain
TIMM17A,plain,plain
RELA,plain,plain
COL1A1,dnb-marker,plain
FLNB,plain,plain
GBP2,plain,plain
RRM2,plain,TP-DG
LAMC2,in-marker,plain
SPTBN2,plain,plain
CCT3,plain,plain
VPS52,plain,plain
BDKRB1,plain,TP-DEG
LIG1,plain,plain
NCAPH2,plain,plain
DNAJB1,plain,plain
SERPINB6,plain,plain
GMPR,out-marker,TP-DEG
RPL18,dnb,TP-DNG
PSME4,plain,TP-DNG
HSPA6,dnb,TP-DNG
XRCC1,plain,plain
MRPS18B,dnb,TP-DNG
IRF6,plain,TP-DEG
CRK,mDNB1,TP-DNG
ACTG1,plain,plain
MRPL12,plain,TP-DNG
GGT1,plain,TP-DEG
NDUFA7,plain,plain
GATM,plain,plain
LRP8,plain,plain
RPL22,dnb,TP-DNG
UBE2S,mDNB2,TP-DNG
ADSL,dnb,TP-DNG
TFAP2C,plain,plain
RPP30,plain,plain
RNF114,plain,TP-DEG
SUPV3L1,plain,plain
TGM3,plain,TP-DEG
CTSA,plain,plain
CLNS1A,plain,plain
TFRC,plain,plain
RAB1A,plain,plain
SDCCAG8,plain,plain
RHOA,mDNB1,TP-DNG
ATP6V1B2,plain,plain
CAVIN1,plain,plain
WASF1,plain,plain
CRMP1,plain,plain
PRKCE,plain,plain
UBA3,plain,plain
AIMP1,plain,TP-DEG
RRAS2,plain,plain
ACLY,plain,plain
RAD23A,plain,plain
DLAT,plain,plain
AK1,dnb,plain
COX4I1,plain,plain
MRPL41,plain,plain
TMED5,plain,plain
IL1RAP,plain,plain
THBS2,plain,plain
PSMC2,plain,plain
EIF3C,plain,plain
CNKSR1,plain,plain
SNAPC4,plain,plain
DTYMK,plain,plain
INCENP,plain,plain
SF3B6,plain,TP-DNG
PML,plain,plain
POLR3D,plain,plain
SCLT1,dnb,plain
RBCK1,plain,TP-DNG
CENPQ,plain,plain
PSMD13,plain,plain
TCEA1,plain,plain
DNM2,plain,plain
CHST12,plain,plain
KIF4A,plain,plain
EXOSC8,plain,TP-DNG
RBM25,plain,plain
SAP30,plain,plain
TAF9,plain,plain
SGMS2,plain,plain
LAS1L,plain,plain
USP10,plain,plain
PRDX3,plain,plain
PDE7A,plain,plain
CXXC1,plain,plain
CHERP,plain,TP-DEG
ADH5,plain,plain
CHCHD2,plain,plain
TIMM22,plain,plain
IFI30,plain,plain
SET,plain,plain
NUP62,plain,TP-DNG
SNRPB2,mDNB1,TP-DNG
FBXW7,plain,plain
XPA,plain,plain
MCM3,plain,TP-DNG
DDX18,plain,plain
COX7C,dnb,plain
CDK7,plain,plain
BID,plain,plain
FANCL,mDNB2,plain
CALML5,dnb-marker,TP-DNG
USP43,plain,plain
KIF22,plain,plain
AHR,out-marker,plain
LPIN1,plain,plain
EGFR,in-marker,TP-DNG
ADCY3,mDNB2,plain
UTP4,plain,TP-DNG
RAD54L,plain,plain
CEBPZ,plain,plain
PTGER1,out-marker,plain
MAGOHB,mDNB2,TP-DG
MBD3,dnb,plain
NT5E,plain,TP-DEG
PPID,plain,plain
LTA4H,plain,plain
NUP155,plain,plain
PBK,plain,TP-DG
EXOSC10,plain,TP-DNG
LONRF1,plain,plain
MDC1,plain,plain
MRPL18,dnb,TP-DNG
COL7A1,dnb-marker,TP-DNG
HNRNPD,dnb-marker,TP-DNG
POLR2C,plain,plain
MAD2L1,plain,plain
RHNO1,plain,TP-DEG
PPARD,out-marker,plain
PLOD3,plain,plain
DEGS1,mDNB1,TP-DNG
INPP4B,plain,plain
HBEGF,out-marker,TP-DEG
G6PC3,plain,plain
DSG1,out-marker,plain
JUN,in-marker,plain
TBC1D1,plain,plain
CDS2,plain,plain
MANEA,plain,plain
SQSTM1,out-marker,plain
GANAB,plain,plain
BARD1,plain,TP-DEG
MRGBP,plain,TP-DNG
GSTO2,plain,plain
RAB5A,mDNB1,TP-DNG
ECI2,plain,plain
CENPK,plain,TP-DNG
PFAS,dnb,TP-DG
EIF2A,plain,plain
M6PR,plain,plain
SERPINA3,plain,plain
RPS24,dnb,TP-DNG
PCCB,plain,plain
GIPC1,plain,plain
DOCK5,plain,plain
FBXL3,plain,plain
DCAF1,dnb,TP-DNG
PSMA4,mDNB1,TP-DNG
RAPGEF2,plain,plain
SH3KBP1,plain,plain
ATP6V1C2,plain,plain
XPO1,plain,TP-DNG
MRPS17,dnb,TP-DNG
ALOX12B,plain,plain
GTF2F1,plain,plain
RPS2,dnb,TP-DNG
PTGES2,plain,plain
LMNA,plain,plain
TMED3,plain,plain
MRPL19,plain,plain
DDX50,plain,plain
FOXO1,mDNB2,plain
UBE2J1,plain,plain
CSNK1D,plain,TP-DNG
VAMP2,plain,TP-DEG
TPM1,plain,TP-DEG
SMC1A,mDNB1,plain
LRP6,out-marker,plain
MRPL3,plain,TP-DNG
SNRPB,plain,TP-DNG
POLR2K,plain,TP-DNG
BCCIP,plain,plain
LPAR1,plain,plain
S100A8,in-marker,plain
HNRNPL,plain,plain
EIF1AX,plain,TP-DNG
MTOR,mDNB1,TP-DNG
ETHE1,plain,TP-DEG
PTGS2,dnb-marker,plain
MOGS,plain,plain
SYNE2,plain,plain
RENBP,plain,plain
MED1,plain,plain
RHOV,plain,plain
RPL7,dnb,TP-DNG
PBX1,plain,TP-DEG
ARPC5,plain,plain
SERPINE2,plain,plain
SCFD1,plain,TP-DEG
ITPA,plain,plain
RAB1B,dnb,TP-DNG
DDX42,plain,plain
MRPL14,plain,plain
CCNA2,plain,TP-DG
MRPL13,plain,TP-DNG
MYO6,plain,TP-DEG
DCAF13,plain,plain
PKN3,plain,TP-DEG
MRPS10,dnb,TP-DG
GRPEL2,dnb,TP-DNG
SLC9A3R1,mDNB2,TP-DEG
GNA12,plain,plain
DCLRE1A,plain,plain
ANK3,dnb,TP-DNG
LAMA5,plain,plain
CES4A,plain,plain
COG5,plain,TP-DEG
PRPF19,plain,TP-DNG
CD36,plain,plain
CTCF,plain,plain
LARS2,plain,plain
SKP1,plain,plain
PRPF6,plain,plain
PRKDC,plain,TP-DNG
CAPN2,plain,plain
PHC2,plain,plain
COPA,dnb,plain
HNRNPA1,mDNB2,TP-DNG
APBA2,plain,TP-DEG
BCL6,plain,TP-DEG
TAF5,plain,TP-DG
POLR2J3,plain,TP-DEG
VBP1,plain,plain
WDR43,plain,plain
NUP43,plain,TP-DEG
STN1,plain,plain
STX17,plain,plain
COL17A1,in-marker,TP-DG
MAPRE1,plain,plain
ALOX15B,plain,plain
PQBP1,mDNB1,TP-DNG
NCF2,plain,plain
ITSN1,plain,plain
PDIA4,plain,plain
HK2,plain,plain
RAP1GAP2,plain,plain
NGEF,dnb,TP-DG
VCL,mDNB1,TP-DNG
BRCC3,mDNB2,plain
RNF126,plain,plain
UBE2L6,plain,plain
KDELR2,plain,TP-DG
OAS3,plain,plain
TIPRL,plain,TP-DEG
APOB,plain,plain
ERO1A,plain,plain
E2F1,plain,plain
MMP9,in-marker,plain
SMAD3,plain,TP-DEG
MT2A,out-marker,plain
POLR2J,mDNB2,TP-DG
NACA,plain,plain
HMGN1,plain,plain
TST,plain,plain
ZYX,mDNB2,plain
LDHD,plain,plain
CBFB,plain,plain
MRPL15,plain,TP-DEG
GABARAPL2,plain,plain
EXO1,plain,plain
NUP205,plain,TP-DNG
ESRP1,plain,plain
RRAS,plain,plain
TAF9B,plain,TP-DEG
HERC4,plain,plain
KRR1,plain,TP-DEG
GRB2,mDNB1,TP-DNG
BUB3,mDNB2,TP-DNG
GP1BB,dnb,plain
GAS6,plain,plain
CENPE,plain,TP-DNG
PARP2,plain,plain
ODC1,plain,plain
SNRPF,plain,TP-DNG
GCNT2,plain,plain
STAT1,plain,plain
GDF15,in-marker,plain
ATP6V0A1,plain,plain
RECQL5,plain,TP-DEG
ARG1,plain,plain
SNRPD2,plain,TP-DNG
NOC4L,dnb,TP-DNG
RRS1,plain,TP-DNG
WASL,mDNB2,TP-DNG
TDRKH,plain,plain
CCND2,plain,TP-DEG
RING1,dnb,plain
NDN,plain,plain
PSMF1,plain,TP-DEG
BCAR1,plain,TP-DNG
PIAS3,plain,TP-DEG
BET1L,dnb,TP-DNG
ENTPD2,plain,plain
GSS,plain,plain
USP2,plain,plain
CIT,plain,TP-DNG
NOLC1,plain,plain
COLGALT1,plain,plain
BDP1,plain,plain
GOLGA5,plain,plain
RFC4,plain,TP-DNG
RPS11,dnb,TP-DNG
SLC25A4,dnb,TP-DEG
UBE2I,plain,plain
CAB39,plain,plain
SLC3A2,plain,TP-DEG
MCHR1,plain,plain
CD82,plain,plain
IDE,plain,plain
FZD2,plain,TP-DEG
RPL39,dnb,TP-DNG
RDX,plain,plain
FIP1L1,plain,TP-DNG
CHP1,plain,plain
RPLP2,dnb,TP-DNG
TMEM173,plain,plain
GCC1,plain,plain
IL1RN,in-marker,TP-DEG
LIN7B,plain,TP-DEG
ACTB,mDNB2,TP-DNG
DNAJA4,dnb,plain
CLTB,plain,plain
CES2,plain,plain
SDAD1,plain,TP-DNG
TRADD,plain,plain
HTR7,plain,plain
PDCD4,plain,TP-DEG
EIF2S2,dnb,TP-DNG
RFC2,plain,plain
HOMER3,plain,plain
IGF1R,mDNB1,TP-DNG
RALB,plain,plain
CSF2,in-marker,plain
TUBA1A,dnb,plain
CALD1,plain,plain
CDCA8,plain,TP-DG
NELFE,plain,plain
SPRED2,plain,TP-DEG
PSMB9,in-marker,plain
RAD51C,plain,plain
ACER1,plain,plain
WDR36,plain,TP-DNG
CFL1,plain,plain
IMP4,plain,TP-DNG
SMC3,plain,TP-DNG
TRAF3IP1,plain,plain
EEF1A1,dnb,TP-DG
MBIP,plain,plain
AMPD2,plain,plain
POLE3,plain,plain
ARSJ,plain,plain
UBE2E3,dnb,plain
MRPS35,plain,TP-DNG
NT5C3B,mDNB2,TP-DNG
CCT5,mDNB1,plain
RPL18A,dnb,TP-DNG
CYCS,plain,plain
PHF12,plain,plain
CARD11,plain,plain
NDUFB7,plain,plain
ADAM10,plain,plain
KIF5B,plain,plain
GOLIM4,plain,plain
NCBP2,mDNB2,plain
POLDIP3,plain,plain
KIF13A,plain,plain
UBE2N,mDNB2,TP-DNG
NFKB2,out-marker,plain
CARS,plain,plain
BSG,plain,plain
NCBP1,plain,TP-DNG
CTPS1,plain,plain
NDUFB11,plain,plain
SUMF2,plain,plain
SRP19,plain,plain
PFKFB3,plain,plain
TPT1,dnb,TP-DNG
VEGFA,in-marker,plain
PPP2R5B,plain,plain
VMA21,plain,plain
MRPL38,dnb,TP-DNG
EFNB1,plain,plain
NUDC,plain,TP-DNG
MYO10,plain,plain
UPP1,plain,plain
MAPKAPK2,plain,plain
PELP1,dnb,TP-DNG
NT5C3A,plain,TP-DEG
MIS18A,plain,plain
GBA,in-marker,TP-DNG
SPDL1,plain,plain
EFTUD2,plain,TP-DNG
ACTR1A,dnb,plain
GTF2H3,mDNB2,TP-DNG
NDC80,plain,TP-DNG
POLR3E,plain,plain
MTMR1,plain,plain
HECTD1,dnb,TP-DNG
DENND1A,plain,TP-DEG
RBBP4,plain,plain
DDOST,dnb,plain
RPS23,dnb,TP-DNG
POLD4,mDNB1,TP-DNG
DYNLL1,plain,plain
INPP5E,plain,plain
MRPS24,dnb,TP-DNG
KL,out-marker,plain
PSMB2,plain,plain
GALNT14,plain,plain
CECR2,plain,plain
MRPL9,dnb,TP-DNG
GNAS,plain,plain
E2F2,plain,plain
AFF4,plain,plain
HNRNPA2B1,mDNB2,TP-DNG
MCFD2,mDNB2,TP-DG
PLCH2,plain,plain
COPE,dnb,plain
RAPGEF3,plain,plain
NOS1,plain,plain
TOP2A,plain,TP-DG
NT5C,plain,plain
EIF4EBP2,plain,plain
TRIM21,plain,plain
GADD45GIP1,dnb,TP-DNG
PDGFRA,plain,plain
SRGN,plain,plain
XRCC6,plain,TP-DNG
ARHGEF16,plain,plain
PLB1,plain,TP-DEG
RUNX1,plain,plain
GALNT2,plain,plain
NDUFA4,plain,plain
AP2A2,plain,plain
SRP14,plain,TP-DNG
CANX,plain,TP-DNG
SPHK1,dnb,plain
NCAPD3,plain,plain
MUS81,plain,plain
SOCS1,mDNB2,TP-DNG
ACAA2,plain,plain
PYGB,plain,plain
WASHC5,plain,plain
ERLIN2,plain,plain
EDNRB,out-marker,plain
PARP4,plain,plain
PLA2G4B,plain,plain
ADH6,plain,plain
NDUFS4,plain,plain
NUDT21,mDNB2,plain
ATM,plain,plain
EXOSC7,plain,plain
NCAPG,plain,TP-DEG
STX1A,plain,plain
RPL34,dnb,TP-DNG
GPT2,plain,plain
MMP1,in-marker,plain
TARS,plain,plain
KIF2C,plain,TP-DG
RPL14,dnb,TP-DNG
SEC61B,plain,TP-DEG
WDR77,plain,plain
PSMD12,mDNB2,plain
SRC,mDNB1,TP-DNG
GPX8,plain,TP-DEG
GUK1,plain,plain
RNF4,mDNB2,TP-DNG
XAB2,plain,plain
RASA3,plain,TP-DNG
RPN1,plain,plain
FBXO2,dnb,TP-DNG
EFNB2,plain,plain
RPL7A,dnb,TP-DNG
GNG5,mDNB1,TP-DG
NPB,plain,plain
NME7,plain,plain
PSMB1,mDNB2,plain
EPO,plain,TP-DEG
ATG3,plain,plain
BMI1,plain,plain
ARAP3,plain,TP-DEG
PYGL,plain,plain
POLR3F,plain,plain
PANK1,plain,plain
COPS7A,plain,plain
GSTA1,mDNB2,plain
PSMC1,plain,plain
FZD10,plain,TP-DEG
UTP18,plain,plain
CXCL1,out-marker,plain
ZNF664,plain,plain
FZD6,plain,plain
ADM,plain,plain
CCND3,plain,plain
CAPN1,plain,TP-DNG
PTAFR,plain,plain
TGFB3,plain,plain
IRF1,mDNB2,plain
EPRS,plain,TP-DEG
ATP6V0D1,plain,plain
CD59,plain,plain
CCNB2,plain,TP-DNG
FOSL2,plain,plain
FANCG,plain,plain
S1PR1,plain,plain
NDC1,plain,TP-DNG
TSR1,plain,TP-DNG
VWF,mDNB1,TP-DNG
FBXL20,dnb,TP-DNG
NEB,plain,plain
NPFFR1,plain,plain
PNPT1,dnb,plain
PPIL1,plain,TP-DG
PIK3CD,mDNB1,TP-DNG
PTP4A1,plain,plain
ISL1,plain,plain
COPS8,plain,TP-DG
RPL13A,dnb,TP-DNG
CNIH1,dnb,TP-DNG
CTSC,mDNB1,TP-DG
HIF1A,plain,plain
FGFR3,plain,plain
RAP1A,mDNB2,TP-DNG
B4GALT1,plain,TP-DEG
PRMT1,plain,plain
PNO1,dnb,TP-DNG
JADE2,plain,plain
SHC1,plain,plain
ROBO1,mDNB2,plain
PHF19,plain,plain
NIP7,plain,TP-DNG
CCNF,plain,plain
FBXL2,plain,TP-DEG
SH2B1,plain,plain
GSTA4,plain,plain
UBAC1,plain,plain
CENPX,plain,plain
RAD51D,plain,TP-DEG
RPL19,dnb,TP-DNG
KIF13B,plain,plain
OCLN,out-marker,plain
STX4,mDNB1,TP-DNG
EPHA4,plain,plain
MRPS26,plain,TP-DNG
CDK9,plain,plain
ZPR1,plain,plain
SRSF10,plain,plain
VAV2,plain,TP-DNG
PFDN4,dnb,TP-DNG
GNG11,mDNB2,TP-DNG
CALM3,plain,plain
PCGF5,plain,plain
PARK7,plain,plain
NME4,plain,plain
ANAPC15,plain,plain
DYNC1H1,dnb,plain
UTP20,plain,TP-DNG
KDELR3,dnb,TP-DNG
KIF11,plain,TP-DEG
EBNA1BP2,plain,TP-DNG
NTSR1,mDNB1,TP-DNG
KLC1,dnb,TP-DNG
SEC16A,dnb,TP-DNG
BICD2,plain,plain
PPP2CA,plain,TP-DEG
GNA11,plain,plain
DVL3,plain,plain
EPOR,plain,plain
SMC4,plain,plain
KPNB1,plain,plain
TNF,in-marker,plain
EZR,plain,plain
PPP1R14A,plain,plain
ADORA2B,plain,TP-DEG
MRPL44,plain,TP-DNG
GEMIN7,plain,plain
SARS,plain,plain
PPARG,in-marker,TP-DNG
HNRNPM,mDNB1,TP-DNG
SNRNP70,mDNB1,TP-DNG
TUBGCP4,plain,plain
RNF19B,dnb,plain
HMGN2,plain,plain
MAP2K1,plain,plain
FBXW8,dnb,plain
CXCL8,in-marker,TP-DEG
TPM2,dnb,plain
FBXW5,dnb,TP-DNG
XRN2,plain,TP-DNG
UBR2,plain,plain
SUN2,plain,plain
RNF185,plain,plain
ACSS2,plain,plain
PSMD6,plain,plain
BCL9,plain,plain
CGN,mDNB1,TP-DEG
DARS,plain,plain
CHMP4C,plain,plain
KAT2B,plain,plain
GOLGA2,dnb,plain
WNT4,plain,plain
CDK1,plain,TP-DG
MRPL33,plain,plain
PSMB10,dnb-marker,TP-DNG
PKM,plain,plain
NCK1,mDNB2,plain
FHL2,plain,plain
MRTO4,dnb,TP-DNG
STK11,mDNB2,TP-DNG
LRRK2,plain,TP-DEG
RPL4,dnb,TP-DG
ANAPC5,mDNB2,TP-DNG
GALE,plain,plain
MEX3C,plain,plain
SNW1,plain,plain
ATP1B1,plain,TP-DEG
PSMB7,mDNB2,plain
TXN,in-marker,TP-DNG
APBB1,dnb,TP-DNG
SKP2,mDNB1,TP-DNG
SF3B4,plain,TP-DEG
RPF1,plain,plain
SYT8,plain,TP-DEG
SEC61G,plain,plain
MAP4K4,plain,plain
TFDP1,plain,TP-DG
CTNNBL1,plain,TP-DNG
PSMD4,plain,TP-DNG
EMC6,plain,TP-DEG
RPL41,dnb,TP-DNG
PTGS1,dnb-marker,plain
RAC2,mDNB2,TP-DG
FTSJ3,plain,TP-DNG
RFC1,plain,plain
FECH,plain,plain
GPR176,plain,plain
RPL3,dnb,TP-DNG
TSFM,plain,plain
TUBB2A,dnb,TP-DNG
ERCC6L,plain,plain
IL20RB,plain,plain
CSK,plain,plain
HIST1H2AC,plain,TP-DNG
FAS,plain,plain
CASP7,plain,plain
SNRNP200,mDNB2,TP-DNG
ZNF143,plain,plain
P2RY2,plain,plain
RRP7A,dnb,plain
SKA1,plain,plain
HSPB1,plain,plain
DBT,plain,plain
NOL11,plain,TP-DNG
DTX3L,plain,TP-DEG
C1GALT1,plain,plain
NOB1,plain,TP-DNG
RACK1,mDNB2,TP-DNG
GALNT7,plain,plain
TFDP2,plain,plain
COL4A2,dnb-marker,TP-DNG
ITGB3BP,plain,TP-DNG
HSPA4,dnb,plain
RPS6,dnb,TP-DNG
PEBP1,plain,plain
NF1,plain,plain
SART3,plain,plain
IL33,plain,plain
NOL6,plain,TP-DNG
GSTT2B,plain,plain
COMT,plain,plain
CTNNB1,dnb-marker,TP-DNG
EP300,plain,plain
HMGCL,plain,plain
SNRPD3,plain,plain
SRRM1,mDNB2,TP-DNG
HCFC1,plain,plain
PPP2R1A,mDNB2,TP-DNG
PPIH,mDNB2,TP-DNG
PLA2G4A,plain,plain
FOXK2,plain,plain
RPS27,dnb,TP-DG
PRPF8,plain,plain
PLPP1,plain,TP-DNG
B3GNT2,plain,plain
TUBG1,plain,TP-DG
EFNA3,dnb,TP-DNG
HIST1H3H,plain,plain
NHEJ1,plain,plain
NBAS,plain,plain
COX14,plain,plain
HSP90AB1,dnb,TP-DNG
MRPS14,plain,TP-DNG
UFL1,plain,plain
EPHB3,plain,TP-DNG
UBE2R2,dnb,TP-DNG
CDC45,plain,plain
ALDH1B1,plain,plain
SMPD2,mDNB2,plain
EBP,plain,plain
SREBF1,plain,plain
TWISTNB,plain,plain
NLE1,plain,plain
ACTN1,mDNB1,TP-DNG
MRPL42,plain,TP-DEG
PAICS,plain,plain
AAAS,plain,TP-DNG
GSTK1,plain,plain
RAPGEF1,plain,plain
RPL27,dnb,TP-DNG
COL4A1,mDNB1,plain
ANP32A,plain,plain
MBTPS2,plain,plain
SMURF2,mDNB1,TP-DNG
TLN1,mDNB2,TP-DG
WWP1,plain,TP-DNG
CHAF1A,plain,plain
SNRPA,plain,plain
TGFB1,dnb-marker,TP-DNG
BCS1L,plain,plain
LRSAM1,plain,TP-DNG
MCM2,plain,TP-DNG
HSP90AA1,mDNB2,TP-DG
CRTAP,plain,plain
ACTR2,mDNB2,TP-DNG
PTPN1,plain,plain
KMT2C,plain,plain
CERS2,plain,TP-DEG
FAAP20,plain,plain
DLST,plain,plain
TYRP1,out-marker,plain
TNFRSF21,plain,plain
MTHFD1,plain,plain
NHLRC1,plain,plain
RHEB,plain,plain
CHD9,plain,plain
GOT2,plain,plain
GTF2F2,plain,plain
PPIB,plain,plain
EIF3E,dnb,TP-DNG
DUSP2,plain,plain
FBXW11,plain,plain
MRPL24,plain,TP-DNG
NUP35,mDNB2,TP-DNG
SACM1L,plain,plain
GTF3C6,plain,plain
RNGTT,plain,plain
POLK,plain,plain
PIP5K1C,plain,plain
GGT6,plain,plain
TRIM29,plain,plain
DDX47,plain,TP-DG
IFT43,plain,TP-DEG
CD151,plain,plain
UBB,mDNB1,TP-DNG
EDN1,in-marker,plain
FKBP1A,mDNB2,plain
TCF7,plain,plain
ACTL6A,plain,plain
STAG1,plain,TP-DNG
RPS8,dnb,TP-DNG
EIF4B,plain,plain
ERCC2,dnb-marker,TP-DNG
PWP1,plain,plain
NFKBIE,plain,plain
CLTA,plain,plain
SETD1B,plain,TP-DEG
UBE2V1,plain,plain
RPL21,dnb,TP-DNG
ING4,plain,plain
EIF3A,plain,TP-DNG
NADSYN1,plain,plain
PICALM,plain,plain
PAPOLA,mDNB2,TP-DNG
TMED2,mDNB2,TP-DNG
NOP9,plain,TP-DNG
PDS5A,plain,TP-DNG
PTPA,plain,plain
HDAC7,plain,plain
CERS4,plain,plain
SDC4,plain,plain
AQP5,out-marker,plain
USP22,plain,TP-DEG
BCL3,plain,plain
MRPL49,dnb,plain
PKNOX1,plain,plain
CUL5,plain,plain
SEC24B,plain,TP-DEG
P4HB,mDNB2,TP-DNG
CLDN4,plain,plain
BAMBI,plain,plain
LARS,plain,plain
CYP4F2,plain,TP-DEG
SMAD2,plain,plain
SF3B2,mDNB1,TP-DNG
RAB5B,mDNB2,TP-DNG
DCTD,plain,TP-DEG
MBOAT1,plain,plain
E2F4,plain,TP-DNG
EEF1D,plain,plain
TAF2,plain,plain
PRPF31,plain,TP-DNG
TPM4,plain,plain
DDX39A,plain,plain
RPP40,plain,plain
RPL6,dnb,TP-DNG
PTHLH,plain,plain
CUL3,mDNB2,TP-DNG
MAPK13,mDNB2,TP-DNG
SEC61A1,plain,TP-DNG
SERPINB8,plain,plain
RPS21,plain,plain
UBE2D2,plain,plain
PCBP2,mDNB2,TP-DNG
ARHGEF3,plain,plain
RPL23,plain,plain
SMG7,plain,plain
SRM,plain,plain
FBXO9,dnb,TP-DNG
CDC5L,mDNB2,TP-DNG
MND1,plain,plain
CSGALNACT2,plain,plain
RPL35,dnb,TP-DG
ACADM,plain,plain
CCNB1,mDNB1,TP-DNG
POLR2L,mDNB1,TP-DNG
HNRNPUL1,plain,TP-DNG
COX6C,plain,plain
IL10,out-marker,plain
LRWD1,plain,plain
AMPH,mDNB2,TP-DNG
RHOT2,plain,plain
KLC2,plain,TP-DNG
SGO2,plain,TP-DG
AJUBA,plain,TP-DNG
SORT1,mDNB2,plain
PPP2R5C,mDNB2,TP-DEG
HECTD2,plain,plain
ELP5,plain,plain
MED15,plain,plain
CPSF7,plain,TP-DEG
MRPL11,dnb,TP-DNG
FAXDC2,plain,TP-DEG
MYH9,plain,TP-DNG
FBXL4,dnb,TP-DNG
ARFGAP1,dnb,TP-DNG
CENPS,plain,plain
DDX31,plain,plain
CHD3,dnb,TP-DG
ARSA,plain,plain
PRC1,plain,TP-DG
AGK,plain,plain
PPP5C,plain,plain
ME2,plain,plain
RB1,plain,TP-DNG
SNU13,mDNB2,TP-DNG
TAF5L,plain,plain
CTSZ,mDNB1,TP-DG
PMVK,plain,plain
ARF4,mDNB2,TP-DNG
UTP3,dnb,TP-DNG
AARS,plain,TP-DNG
HSP90B1,plain,TP-DG
MFAP2,plain,plain
DTL,plain,plain
SEC23A,plain,plain
EEF2,dnb,plain
PAK1IP1,plain,plain
PNPLA2,plain,plain
DHX16,plain,plain
RPL10,dnb,TP-DNG
POMP,plain,plain
PA2G4,plain,plain
HDDC3,plain,plain
NAA10,plain,TP-DEG
EFNB3,plain,plain
CHMP2A,plain,plain
RPS4Y1,dnb,TP-DNG
GNG2,mDNB2,plain
ERBB2,plain,plain
HDAC1,mDNB2,TP-DNG
TUBGCP3,dnb,plain
CEP290,plain,TP-DEG
PAK2,plain,TP-DNG
CHEK1,mDNB2,TP-DNG
EPHB4,plain,TP-DNG
PLCB3,mDNB2,TP-DNG
RPS3A,dnb,TP-DNG
PGM2,plain,plain
THRB,plain,TP-DEG
ALYREF,mDNB1,TP-DNG
PPP2R5A,plain,TP-DNG
PARVB,mDNB1,plain
ADD3,plain,plain
UBE2Z,plain,TP-DNG
NCKIPSD,plain,plain
H2AFV,mDNB2,TP-DNG
ITPR3,mDNB1,TP-DNG
NUP93,mDNB2,plain
RPL37,dnb,plain
HSPH1,plain,plain
RPN2,dnb,TP-DNG
BIN1,mDNB1,plain
UTP14A,dnb,TP-DNG
AIMP2,plain,plain
PNP,plain,TP-DNG
POLR1D,mDNB2,TP-DEG
IFNG,out-marker,plain
EXOC2,plain,plain
CYP3A5,plain,plain
TBL1X,plain,plain
WDR3,plain,plain
DNAJA1,plain,plain
MRPL10,dnb,TP-DNG
LIPG,plain,TP-DEG
IQGAP1,plain,TP-DNG
TBC1D5,plain,TP-DEG
PCYT2,plain,plain
EGF,mDNB2,plain
RIN1,plain,plain
MAPK12,plain,TP-DEG
KIF27,plain,plain
NSF,plain,TP-DNG
SUMO2,plain,TP-DEG
EXOSC9,plain,TP-DNG
CHST3,plain,TP-DEG
NOP14,plain,TP-DNG
FZD1,plain,TP-DEG
RPS5,dnb,TP-DNG
DNAJC3,plain,plain
BCL2,in-marker,plain
EXOSC4,mDNB2,TP-DNG
RNF34,plain,plain
UMPS,plain,plain
RPL5,plain,TP-DNG
MRPS12,dnb,TP-DNG
TFG,plain,plain
SNRNP40,plain,TP-DNG
SERPINE1,mDNB1,TP-DNG
TRH,plain,plain
RSL24D1,plain,TP-DEG
NECAP1,plain,plain
FOSL1,plain,plain
RRAGC,plain,plain
FN1,in-marker,TP-DNG
VDAC1,plain,plain
RRAGD,plain,plain
RHOB,plain,plain
GYS1,plain,plain
CDH3,plain,plain
MCM6,plain,plain
ETV1,plain,plain
KRT1,out-marker,TP-DEG
SMOX,plain,plain
MBTPS1,plain,plain
FBXO22,plain,TP-DG
TUBB6,plain,plain
FAM110A,plain,plain
UBE2Q2,plain,TP-DNG
GNA15,mDNB2,TP-DNG
NEK2,plain,TP-DG
EIF4G2,plain,plain
SMNDC1,plain,plain
RRM2B,plain,plain
PLK4,dnb,TP-DEG
ARSB,plain,plain
NEDD4L,mDNB2,plain
TP53I3,plain,plain
NDUFA13,dnb,plain
UQCR10,plain,plain
HIP1,plain,plain
ZC3H8,plain,plain
OTUD5,plain,plain
RPL17,dnb,TP-DNG
ROCK2,plain,TP-DNG
VMP1,plain,plain
ARHGEF28,plain,plain
ADCY1,plain,plain
GJA1,plain,plain
CHL1,plain,plain
TUBG2,dnb,plain
ATP6AP1,plain,plain
ATF6,dnb,TP-DNG
CSE1L,plain,plain
PAGR1,plain,plain
TAB1,plain,TP-DEG
CTTN,plain,plain
FANCI,mDNB1,TP-DNG
MTX1,plain,plain
MTIF2,dnb,TP-DNG
HSPE1,plain,plain
GNAI3,plain,plain
SOD2,out-marker,plain
THOC5,plain,plain
FOXM1,plain,TP-DNG
RNF7,dnb,TP-DNG
VPS72,plain,plain
VIM,dnb,plain
CPT1A,plain,TP-DEG
RXRA,plain,plain
TNC,in-marker,plain
CUX1,plain,plain
HAUS6,plain,plain
TNNT1,plain,plain
PPP2R5D,plain,plain
MRPL36,plain,plain
SRSF3,plain,TP-DNG
KCNG2,plain,plain
ITPR1,plain,plain
RPL36,plain,plain
SLC7A5,plain,TP-DEG
MYO5A,plain,plain
ANAPC11,mDNB1,TP-DNG
SIN3B,dnb,TP-DEG
SDR16C5,plain,plain
PERP,plain,plain
ITPKC,dnb,plain
PHKB,plain,plain
RASAL1,plain,plain
RPSA,mDNB2,TP-DNG
DUT,plain,TP-DNG
MSH2,plain,plain
S100A9,in-marker,plain
CCNG1,plain,plain
NDUFA8,plain,plain
STRAP,plain,plain
CD74,plain,plain
TGFBR2,plain,plain
TMED7,plain,TP-DNG
NOP56,plain,TP-DNG
B4GALT2,plain,plain
RRP12,plain,TP-DNG
CASP1,out-marker,plain
UBQLN2,plain,TP-DEG
CPSF2,mDNB2,plain
SUMO1,mDNB2,TP-DNG
PTK2,plain,TP-DNG
ADAM17,out-marker,plain
APAF1,plain,plain
HRAS,mDNB1,TP-DNG
BCR,plain,plain
YWHAG,plain,plain
RPL10A,dnb,TP-DNG
RDH16,plain,plain
GNAO1,plain,TP-DNG
GREB1,plain,TP-DEG
HERC1,plain,TP-DEG
CHRAC1,plain,plain
HNRNPA3,mDNB2,TP-DNG
CYC1,plain,TP-DEG
PPP3R1,plain,plain
TUBGCP2,plain,plain
AP1S3,plain,plain
PYCARD,plain,plain
COL12A1,plain,plain
TXNL4A,mDNB1,TP-DNG
ELMO3,plain,plain
CXCR1,mDNB2,plain
FADS2,plain,plain
COL8A1,plain,plain
AKR1B1,plain,plain
RPS29,dnb,TP-DG
COPS6,plain,plain
MAD2L2,plain,plain
YKT6,dnb,TP-DNG
RNPS1,mDNB2,TP-DG
TTK,plain,TP-DEG
ALDH1A3,plain,plain
MRPS30,dnb,TP-DNG
CDC37,mDNB2,plain
CUL7,plain,plain
CES1,plain,plain
DPYSL2,plain,plain
RPS12,dnb,TP-DNG
GNAI2,mDNB2,TP-DNG
UGT1A6,plain,plain
MCCC1,plain,plain
HDAC2,plain,plain
DIAPH1,plain,plain
PPWD1,plain,plain
EP400,plain,plain
EMC8,plain,plain
NCAPG2,plain,TP-DNG
MRPL39,plain,plain
NELFB,plain,plain
PSMB6,plain,plain
ACTN4,plain,TP-DNG
NFKBIA,plain,plain
ORAI2,plain,plain
UTP11,plain,plain
CTPS2,plain,plain
RPS16,dnb,TP-DNG
EHMT1,mDNB2,plain
CERK,plain,plain
RPS13,plain,plain
GSR,plain,plain
RPL32,plain,plain
CAP1,plain,plain
EIF4EBP1,plain,plain
CSPP1,plain,plain
ACADVL,plain,plain
RNF130,plain,plain
TRIM25,mDNB2,plain
MYO18A,plain,plain
FBXO17,dnb,TP-DNG
XPC,plain,plain
SNRPN,mDNB2,TP-DNG
EPHA8,plain,plain
PREB,plain,plain
STX12,plain,plain
HNRNPA0,plain,plain
KIF2A,plain,plain
VDR,plain,TP-DEG
PWP2,dnb,plain
RHOBTB2,plain,plain
EIF2S3,plain,plain
IL1A,out-marker,plain
CDC20,plain,TP-DNG
TRAPPC1,dnb,TP-DNG
GATA3,plain,plain
UBR4,dnb,TP-DG
GPX4,in-marker,plain
LIPE,plain,plain
RRAGA,plain,plain
MYLK,plain,plain
UBE2M,plain,plain
ADAMTSL4,plain,TP-DEG
ANAPC13,dnb,plain
RAB3GAP2,plain,plain
LMNB1,plain,plain
PIN1,plain,plain
GAB2,mDNB1,TP-DNG
SRSF5,plain,plain
RPS28,plain,plain
TXNDC5,plain,plain
ENTPD3,plain,plain
RFC5,plain,plain
BUB1,plain,TP-DEG
CENPH,plain,TP-DNG
SNRPE,plain,plain
ARIH1,plain,plain
PSMA1,mDNB2,TP-DNG
POLR3H,plain,TP-DNG
ADRM1,plain,plain
PNKP,plain,plain
GTF3C1,dnb,TP-DG
TBCD,plain,plain
MBD2,dnb,plain
RAB5C,plain,plain
RPS19,dnb,TP-DNG
TRIO,plain,plain
ORC1,plain,TP-DNG
CDC6,plain,plain
HLA-DOB,plain,plain
RPS7,dnb,TP-DNG
TP63,in-marker,plain
TNFRSF10B,plain,plain
KIF20B,plain,plain
ISG15,plain,plain
BORA,plain,plain
ROCK1,plain,plain
DIMT1,plain,plain
KRI1,plain,TP-DNG
PRKCA,mDNB1,TP-DNG
SGO1,plain,plain
MVP,plain,TP-DEG
AK9,plain,plain
NHP2,plain,plain
MRPS7,dnb,TP-DNG
EPS15,plain,plain
GNB4,plain,TP-DNG
DDB1,plain,plain
SDCBP,plain,plain
CCT6A,plain,plain
RNF217,plain,plain
HUWE1,plain,plain
POLD2,mDNB2,plain
MRPL16,plain,TP-DNG
ALOX12,plain,TP-DEG
A2M,in-marker,TP-DNG
GLI3,plain,plain
CAT,in-marker,plain
SLX4,plain,plain
UQCRH,plain,plain
MYBBP1A,plain,plain
PLA2G7,plain,plain
RPL22L1,plain,TP-DNG
NMD3,plain,TP-DG
BUD31,plain,plain
HOMER1,plain,TP-DEG
ITGA5,plain,plain
AURKAIP1,plain,plain
DNAH8,plain,plain
INPP5K,plain,plain
LAMB3,plain,plain
SNRPG,plain,TP-DNG
CRYL1,plain,plain
SLC9A3R2,plain,TP-DEG
BMP1,plain,plain
NME1,dnb,TP-DNG
FLNA,plain,plain
CCAR1,plain,plain
QARS,plain,plain
PDIA6,plain,plain
RRP36,plain,plain
NOC2L,plain,TP-DNG
RPL13,dnb,TP-DNG
PES1,plain,TP-DNG
ARSF,plain,plain
SGPP2,plain,plain
WDR12,plain,plain
SEC22C,dnb,plain
EIF4A3,plain,plain
TGS1,plain,plain
MRPL21,plain,plain
MYLIP,plain,plain
GNS,plain,plain
APLP2,plain,plain
CLDN1,in-marker,plain
ITGA3,plain,plain
RNF2,plain,plain
FZD5,plain,plain
LYN,mDNB2,TP-DNG
CERS3,plain,plain
PHKA1,plain,TP-DEG
FBXO7,dnb,plain
RPL7L1,plain,plain
NAA38,plain,plain
FAU,plain,plain
CCT4,plain,TP-DNG
CCT8,plain,TP-DNG
UGT1A7,plain,plain
PUM3,dnb,TP-DNG
VCAN,out-marker,plain
SDHA,plain,plain
TKT,plain,plain
ALDH7A1,plain,plain
IARS,plain,TP-DEG
FLOT1,plain,plain
KIFAP3,plain,plain
ANXA1,plain,plain
RPS6KA1,plain,plain
TGFB1I1,plain,plain
PAXIP1,plain,plain
OCRL,plain,plain
DMAP1,dnb,plain
ERCC1,plain,TP-DNG
NDUFB5,plain,plain
DNMBP,plain,plain
POLE4,plain,TP-DNG
GATB,plain,plain
SRP68,plain,TP-DNG
PTDSS2,dnb,TP-DNG
UBE2L3,mDNB2,TP-DNG
RAD21,plain,plain
HIST1H2BD,plain,TP-DNG
NGFR,plain,TP-DEG
ICAM1,out-marker,plain
BAZ1B,plain,TP-DEG
FDFT1,plain,plain
VARS,plain,plain
SF1,plain,TP-DNG
NCOR2,plain,plain
GMNN,plain,plain
CCND1,plain,plain
HGF,out-marker,plain
CBLB,plain,plain
FBXO10,plain,plain
TIMM50,plain,plain
MRPL37,dnb,plain
XRCC5,plain,TP-DNG
POLD3,plain,TP-DNG
RASA1,plain,plain
GNAQ,mDNB2,TP-DNG
EEF1B2,dnb,plain
MPI,plain,plain
FBLIM1,plain,plain
MYH14,dnb,plain
SNRPD1,mDNB1,TP-DNG
RBX1,plain,plain
PRDX5,plain,plain
ZAP70,plain,plain
STX2,plain,plain
PARVA,plain,plain
DHCR7,plain,TP-DEG
WNT1,out-marker,plain
SSRP1,plain,plain
SNX18,plain,plain
KIF23,plain,TP-DEG
GPC1,plain,plain
HNRNPK,plain,TP-DNG
MYH10,plain,plain
MRPL32,plain,TP-DNG
AGRN,plain,plain
GNG12,mDNB2,TP-DEG
AKR1B10,plain,plain
PLA2G4D,plain,plain
TIAM1,plain,plain
CDC25C,plain,plain
ZC3H11A,plain,plain
RPL38,dnb,TP-DNG
MAGED2,plain,plain
PSMB4,plain,plain
TMED10,dnb,TP-DNG
CARM1,plain,plain
USP39,mDNB2,TP-DNG
RHOG,plain,TP-DG
HLA-F,plain,TP-DEG
PLCD1,plain,plain
GPX2,plain,TP-DEG
VAMP3,plain,TP-DNG
GEMIN5,plain,plain
CEP89,plain,plain
PTGES3,plain,plain
SUGT1,plain,plain
SMC6,plain,plain
NBN,plain,plain
SNRNP25,plain,plain
FGFR1OP,plain,plain
DNAJC8,mDNB1,TP-DNG
NAPA,dnb,TP-DNG
MAK16,plain,plain
KARS,plain,plain
DAB2,plain,plain
PHAX,plain,plain
C17orf49,plain,plain
CDC34,mDNB2,TP-DNG
STX5,dnb,TP-DNG
MGRN1,dnb,plain
KIF26A,dnb,plain
SENP3,plain,plain
RAB11A,plain,plain
SRSF2,mDNB2,TP-DNG
LDHB,dnb,plain
UBTF,mDNB2,TP-DNG
LTN1,plain,plain
LSM4,mDNB1,TP-DNG
RSL1D1,plain,TP-DNG
KLHL5,dnb,plain
NCOA6,plain,plain
ITGAM,plain,TP-DEG
UBA52,plain,TP-DNG
MRPS23,plain,plain
NDUFAB1,plain,plain
CDKN1B,mDNB2,plain
PSMA3,plain,plain
RPLP1,plain,plain
HSPA9,dnb,TP-DNG
SDHD,plain,plain
ELAVL2,mDNB2,TP-DNG
PRPF40A,plain,TP-DNG
GSTO1,mDNB1,TP-DNG
MRPL57,plain,TP-DNG
MRPL1,dnb,TP-DNG
SUMO3,plain,plain
ELAVL1,plain,TP-DNG
HMG20B,plain,TP-DEG
COX15,plain,plain
MTA1,dnb,plain
NLRX1,plain,plain
CHSY1,plain,plain
ADK,plain,plain
ZWINT,plain,plain
PSMA5,plain,plain
TBCA,plain,plain
RRP1B,plain,TP-DG
PARN,plain,plain
CD2BP2,mDNB2,plain
NUP54,plain,TP-DEG
INTS13,plain,plain
FUS,plain,plain
RPA3,mDNB2,TP-DNG
FAIM2,plain,plain
RPS9,dnb,TP-DNG
POLR1E,plain,plain
FBXL5,plain,TP-DNG
CPSF4,plain,plain
POLR1B,plain,plain
DHX15,plain,plain
BMS1,dnb,TP-DNG
NDUFS6,plain,plain
SAT1,mDNB1,TP-DG
ORC3,mDNB2,TP-DG
EED,dnb,plain
DGKA,plain,plain
H2AFJ,mDNB2,TP-DG
ST3GAL4,plain,plain
TAOK1,plain,plain
CHCHD1,plain,plain
SIN3A,plain,plain
LPXN,plain,plain
PPIE,plain,TP-DNG
FUT1,plain,plain
GPAT4,dnb,TP-DNG
NMNAT3,plain,TP-DEG
COL3A1,out-marker,plain
FBXL7,plain,plain
SH3GL1,plain,plain
KIF3B,plain,plain
MIB2,mDNB2,TP-DNG
ASB1,dnb,plain
FOS,out-marker,plain
PJA1,plain,plain
CDK2,mDNB2,plain
BRCA1,dnb-marker,TP-DNG
PTGER3,plain,plain
YWHAE,plain,TP-DNG
NDUFA12,plain,plain
RUVBL2,mDNB2,plain
KRT6A,in-marker,plain
CDKN1C,plain,plain
NFKB1,dnb-marker,TP-DG
CENPJ,plain,TP-DEG
RPL27A,dnb,TP-DNG
TUBB,plain,TP-DEG
GALM,plain,plain
UBE2T,plain,TP-DG
MAPK6,plain,plain
STS,plain,plain
NDUFV2,plain,plain
IL31RA,plain,plain
SP3,plain,plain
PSMD1,mDNB2,TP-DNG
THOC3,plain,TP-DNG
FLOT2,plain,plain
POLA1,plain,plain
DHCR24,plain,plain
FOXO3,in-marker,TP-DNG
MRRF,dnb,plain
RIPK1,plain,plain
F2R,plain,plain
HNRNPH2,plain,plain
TGOLN2,plain,plain
ERCC8,plain,plain
WDR26,plain,plain
CAPNS1,plain,plain
CAD,plain,plain
SNRPC,plain,TP-DNG
PIK3C2A,plain,plain
PTTG1,plain,plain
IFITM3,plain,plain
CHAF1B,plain,plain
AQP3,in-marker,plain
ARPC3,plain,plain
CENPA,plain,plain
AP2M1,plain,TP-DNG
GBE1,plain,plain
NCOA1,plain,TP-DNG
LPAR3,plain,plain
RNF144B,plain,TP-DEG
RPS18,dnb,plain
PPP3CB,plain,plain
APP,plain,plain
JDP2,plain,plain
MAOA,plain,plain
XRCC3,mDNB2,TP-DNG
MRPS34,dnb,TP-DNG
WSB1,plain,plain
SUCLG1,plain,TP-DEG
GNG10,plain,TP-DNG
CXCR6,plain,plain
DLGAP5,plain,TP-DNG
KIF18A,plain,TP-DEG
H2AFZ,mDNB1,TP-DNG
MX1,plain,plain
DDX21,plain,plain
CXCL5,out-marker,plain
PPP4C,dnb,plain
HIST1H4C,plain,plain
PRPF4,plain,TP-DNG
CEBPA,plain,plain
PRIM1,plain,TP-DNG
SEC11A,plain,plain
LAMA3,plain,TP-DEG
RPL30,plain,TP-DG
MYO1C,plain,TP-DNG
ACAT2,dnb,plain
TIMP1,dnb-marker,plain
RBBP8,plain,TP-DNG
POLR2D,mDNB2,TP-DNG
BLM,plain,plain
PPP2R5E,plain,plain
ILK,plain,TP-DNG
SPSB2,plain,TP-DNG
RPS10,dnb,TP-DNG
EXOSC2,plain,plain
FBL,dnb,TP-DNG
A1BG,mDNB1,plain
IL13RA1,plain,TP-DEG
NSL1,plain,plain
NOP58,plain,TP-DNG
TRIM63,out-marker,TP-DEG
AGPAT5,plain,plain
PROCR,plain,plain
HSPA1A,mDNB2,plain
IMP3,dnb,TP-DNG
COG2,plain,plain
ESF1,plain,TP-DNG
CYP4F3,plain,plain
STAT3,plain,plain
NRAS,mDNB1,TP-DNG
RANBP1,plain,plain
GK,plain,plain
RPL12,dnb,TP-DNG
NDEL1,plain,TP-DNG
PPP3CA,plain,plain
BIRC2,plain,plain
U2AF1L4,plain,plain
CCT2,mDNB1,plain
ARAP1,plain,plain
ABAT,plain,plain
CUL1,mDNB2,TP-DNG
GLRX,plain,plain
RPL31,dnb,plain
POLR1A,plain,plain
DCTN2,plain,plain
SAMM50,plain,plain
PLAU,plain,plain
EIF4H,plain,plain
RPS15,dnb,TP-DNG
FBXL18,plain,plain
AP3S1,dnb,plain
CWC27,plain,TP-DEG
EHD1,plain,plain
FBN1,out-marker,plain
POLD1,plain,TP-DG
SMARCA5,mDNB2,TP-DNG
FCF1,plain,TP-DG
GTF3C5,plain,plain
IRF5,plain,TP-DNG
GBA2,plain,plain
UBE2E1,plain,TP-DNG
KLHL2,plain,plain
ALDH1A1,dnb,plain
HSPG2,in-marker,plain
H2AFX,mDNB2,TP-DNG
COPG1,dnb,TP-DNG
ACAA1,plain,plain
UNC13B,plain,plain
RPS14,plain,TP-DNG
RHOC,plain,TP-DNG
RAN,mDNB2,TP-DNG
ARFGAP3,plain,plain
BDNF,plain,TP-DEG
POLA2,plain,plain
THEM4,plain,plain
HNRNPR,plain,TP-DNG
TRAP1,plain,plain
AK5,plain,TP-DEG
MCM7,plain,plain
ARHGAP39,plain,TP-DEG
DMTN,plain,plain
HMGB1,plain,plain
ETV4,plain,plain
XRCC2,plain,TP-DEG
CDT1,plain,TP-DNG
TUBA1B,plain,TP-DG
PPP1R1B,plain,plain
GOSR1,dnb,plain
GABARAPL1,plain,plain
GTF2H1,plain,plain
GTF2H2,plain,plain
HEXA,plain,plain
HSPA2,plain,TP-DG
IL17A,out-marker,plain
PIK3CA,plain,plain
DHRS4L2,plain,plain
EXOSC5,plain,TP-DNG
PSMB8,dnb-marker,plain
MRPL27,plain,plain
SMC2,plain,plain
PPFIA3,plain,plain
CHTOP,plain,plain
THSD4,plain,plain
ADSS,plain,TP-DNG
WNT10A,plain,plain
SFTPD,plain,TP-DEG
SSB,plain,TP-DNG
IMPA2,plain,plain
ABI1,plain,plain
CBX6,plain,plain
IRF4,mDNB2,plain
PCF11,plain,plain
ZNHIT1,plain,plain
MRPS11,plain,plain
TRIM11,dnb,TP-DNG
TIGAR,plain,plain
ERBB3,plain,plain
KHSRP,plain,plain
GBP1,plain,plain
RNF6,plain,plain
FAM49B,plain,plain
YWHAB,mDNB2,TP-DNG
EEF1G,plain,plain
NDUFA11,plain,plain
DCTPP1,plain,plain
MIS18BP1,plain,plain
OASL,mDNB2,plain
SNRNP27,mDNB2,TP-DG
GPX1,in-marker,plain
CAPZA1,plain,TP-DEG
UBE3A,plain,plain
RBBP7,plain,plain
SNX4,plain,plain
GADD45G,plain,TP-DEG
MRPL2,plain,plain
GSK3B,out-marker,plain
EDNRA,plain,plain
ARIH2,mDNB2,plain
DGKZ,plain,plain
SRSF7,plain,TP-DNG
KTN1,plain,plain
DHX9,mDNB2,TP-DNG
RIOK1,plain,plain
RELB,plain,plain
PSMA2,mDNB2,TP-DNG
UBE2C,mDNB2,TP-DNG
FANCA,plain,TP-DEG
CEP78,plain,TP-DEG
TECR,plain,plain
HSPA5,plain,TP-DG
GGH,plain,plain
SF3B3,plain,TP-DNG
RAD51,mDNB1,TP-DNG
MRPS15,dnb,TP-DNG
WDR75,dnb,plain
MRPS2,plain,plain
RPL11,plain,TP-DNG
ZBTB16,mDNB2,TP-DG
TICAM1,plain,plain
MRPL17,plain,TP-DNG
DCTN1,dnb,TP-DNG
ARAP2,plain,TP-DNG
MCM5,plain,TP-DNG
WDR34,plain,plain
PAFAH1B1,plain,plain
MRPL40,dnb,TP-DG
PRKCZ,plain,TP-DNG
POLR3A,plain,plain
CTGF,out-marker,plain
LTBP1,plain,plain
GRHPR,plain,plain
CDC27,plain,TP-DG
YES1,plain,TP-DG
DERL2,plain,plain
DHX37,plain,TP-DNG
WDR82,dnb,plain
BTC,plain,plain
ATG12,plain,plain
COG8,plain,plain
ITGA6,plain,plain
AK2,plain,plain
PRKACB,plain,TP-DNG
WDR46,dnb,TP-DNG
PTBP1,plain,TP-DNG
NSA2,dnb,TP-DNG
SRP72,dnb,TP-DNG
SRSF6,plain,plain
CYBA,mDNB2,TP-DNG
ARPC4,mDNB2,TP-DNG
CALML3,dnb,plain
NOP2,plain,plain
IMPDH2,plain,plain
TNFRSF13C,plain,TP-DEG
ATIC,plain,plain
RNF41,plain,plain
LNX1,dnb,TP-DNG
ASAH1,plain,plain
CHST14,plain,plain
NDUFA6,plain,plain
SLBP,plain,plain
CENPF,plain,plain
RPL23A,dnb,plain
MRPS18C,dnb,plain
PLRG1,plain,plain
TIMM44,plain,TP-DNG
FNBP1L,plain,plain
HAUS3,plain,plain
U2AF1,plain,TP-DNG
POLR2E,mDNB2,TP-DNG
TPX2,plain,TP-DNG
SF3B5,plain,TP-DNG
CDK8,plain,plain
TLR2,out-marker,plain
RACGAP1,plain,TP-DNG
RPL26L1,dnb,TP-DNG
ARF1,dnb,TP-DG
SNCA,mDNB1,TP-DG
RAP1B,plain,plain
DDX51,plain,plain
MTA2,plain,TP-DNG
SLC7A6,plain,plain
MRPS27,plain,TP-DNG
PXN,plain,TP-DNG
NDUFS7,dnb,plain
PLAUR,plain,TP-DNG
LAMTOR4,plain,plain
RLIM,plain,plain
UQCR11,plain,plain
IL6,out-marker,plain
BTRC,plain,plain
TIMM21,plain,plain
PLA2G2F,mDNB1,plain
EIF2S1,plain,plain
HADHB,plain,plain
RECQL,plain,plain
HIP1R,plain,plain
CENPO,plain,plain
UPF3A,plain,TP-DEG
GAPDH,plain,plain
NFE2L2,out-marker,plain
VHL,plain,TP-DEG
ETNK2,plain,plain
DNAJC2,plain,plain
TUBA4A,plain,plain
ARHGEF2,dnb,plain
ARCN1,plain,plain
HEXB,plain,TP-DEG
MAP3K11,mDNB2,plain
PSME3,plain,plain
FANCE,plain,plain
TPM3,plain,plain
CDKN2B,plain,plain
RAB35,plain,plain
FBXL19,plain,plain
MYC,plain,TP-DNG
GRB10,plain,plain
AHSA1,plain,plain
IRF3,plain,plain
STK4,plain,TP-DEG
PPCS,plain,plain
DNAJC1,plain,TP-DEG
POMC,plain,plain
STK24,plain,plain
COPB1,plain,plain
TCF7L1,plain,plain
KIF1C,plain,TP-DEG
FXN,plain,plain
NDUFB6,plain,plain
PSMA6,mDNB2,plain
RPS25,dnb,TP-DNG
THBS1,plain,plain
SH3GLB2,plain,plain
LPAR2,mDNB2,plain
ANXA5,plain,plain
NME2,plain,plain
TRIM37,plain,plain
POLR3G,plain,plain
TRAF3,plain,plain
PSMA7,plain,TP-DNG
OTUB2,plain,plain
ABHD5,plain,plain
TMSB4X,mDNB2,plain
RAPGEF4,plain,plain
HNRNPF,plain,TP-DNG
GRK2,plain,plain
TNFRSF11A,plain,plain
CTSD,dnb,plain
HSPD1,plain,TP-DNG
RPS15A,dnb,TP-DNG
EFEMP1,plain,plain
